{"Notifications":[{"kind":"EmailNotification","attachments":[],"tenantIdentity":{"isEmpty":true,"isValid":false},"isActive":true,"type":"CancelOrderEmailNotification","templates":[{"kind":"EmailNotification","subject":"Your order has been canceled","body":"Your order <strong>{{ customer_order.number }}</strong> has been canceled.<br />\nCancellation reason: <strong>{{ customer_order.cancel_reason}}</strong>.","isReadonly":false,"createdDate":"2019-09-24T00:00:00Z","modifiedDate":"2019-09-24T00:00:00Z","createdBy":"admin","modifiedBy":"admin","id":"40fcd40a-d7ef-4b42-a2a8-2f016e905add"}],"createdDate":"2019-09-17T15:01:27.5369819Z","modifiedDate":"2019-09-24T14:27:38.8149397Z","createdBy":"unknown","modifiedBy":"admin","id":"0866ae6c-a70d-4516-9d58-7b0cf78f01c8"},{"kind":"SmsNotification","tenantIdentity":{"isEmpty":true,"isValid":false},"isActive":true,"type":"ChangePhoneNumberSmsNotification","templates":[{"kind":"SmsNotification","message":"Your security code is {{ token }}","isReadonly":false,"createdDate":"2019-09-24T00:00:00Z","modifiedDate":"2019-09-24T00:00:00Z","createdBy":"admin","modifiedBy":"admin","id":"716968d2-eefc-41b8-b47b-05aa5b1f539f"}],"createdDate":"2019-09-17T15:01:27.6629512Z","modifiedDate":"2019-09-24T14:22:53.9262103Z","createdBy":"unknown","modifiedBy":"admin","id":"378c1e13-a77f-413a-bac6-d7ae57b2bb5c"},{"type":"ConfirmationEmailNotification","kind":"EmailNotification","attachments":[],"tenantIdentity":{"isEmpty":true,"isValid":false},"isActive":true,"templates":[{"kind":"EmailNotification","subject":"Email confirmation","body":"To complete your create account process please click this link: <a href=\"{{ url }}\">{{ url }}</a>","isReadonly":false,"createdDate":"2019-09-24T00:00:00Z","modifiedDate":"2019-09-24T00:00:00Z","createdBy":"admin","modifiedBy":"admin","id":"0cb0c4ce-22df-4d7f-85bc-26a41310d48e"}],"createdDate":"2019-09-17T15:01:27.6948423Z","modifiedDate":"2019-09-24T14:23:20.9155692Z","createdBy":"unknown","modifiedBy":"admin","id":"c47f3635-dbd5-408b-af60-a67186c251c6"},{"kind":"EmailNotification","attachments":[],"tenantIdentity":{"isEmpty":true,"isValid":false},"isActive":true,"type":"InvoiceEmailNotification","templates":[{"kind":"EmailNotification","subject":"Invoice for order - <strong>{{ customer_order.number }}</strong>","body":"<html>\n<head>\n</head>\n<body style=\"font-family: Arial, Helvetica, sans-serif;\">\n    <div style=\"border: 1px solid #E0DCDA;\">\n        <div style=\"background-color: #E0DCDA; margin: 2px; padding: 10px; height: 30px; line-height: 30px;\">\n            <div style=\"float: left;display: inline-block;\">Invoice Details {{ customer_order.number }}</div>\n         <div style=\"float: right;display: inline-block;\">Status: {{ customer_order.status }}</div>\n        </div>\n        <img src=\"http://www.startupguys.net/wp-content/uploads/2016/03/virto-commerce-logo.png\" width=\"250\" />\n        <div style=\"font-size: 16px; padding: 20px;\">\n            <div style=\"display: inline-block;\">\n                <div style=\"width: 250px; display: inline-block;\"><strong>Order Date</strong></div>\n                <div style=\"width: 250px; display: inline-block;\"><strong>Order Number</strong></div>\n            </div>\n            <div>\n                <div style=\"width: 250px; display: inline-block;\">{{ customer_order.created_date }}</div>\n                <div style=\"width: 250px; display: inline-block;\">{{ customer_order.number }}</div>\n            </div>\n        </div>\n        <div style=\"padding: 10px; font-size: 18px;\">\n            <p><strong>Details:</strong></p>\n        </div>\n        <div style=\"background-color: #E0DCDA; margin: 2px; padding: 10px; font-size: 18px; font-size: 18px; margin-bottom: 15px\">\n            <div style=\"text-align: center; width: 30px; display: inline-block;\"><strong>#</strong></div>\n            <div style=\"width: 350px; display: inline-block;\"><strong>Item Description</strong></div>\n            <div style=\"width: 150px; display: inline-block;\"><strong>Unit Price</strong></div>\n            <div style=\"width: 150px; display: inline-block;\"><strong>Invoice Qty</strong></div>\n            <div style=\"width: 150px; display: inline-block;\"><strong>Line Price</strong></div>\n        </div>\n        <table style=\"font-size: 14px;\">\n            {% for line_item in customer_order.items %}\n            <tr>\n                <td style=\"text-align: center; vertical-align: top; width: 30px;\"><p>{{ forloop.index }}</p></td>\n                <td style=\"vertical-align: top; width: 350px;\"><p>{{ line_item.name }}</p><p style=\"color: #999; font-size: 11px;\">SKU: {{ line_item.sku }}</p></td>\n                <td style=\"text-align: center; vertical-align: top; width: 150px;\"><p>${{ line_item.placed_price | round: 2 }}</p></td>\n                <td style=\"text-align: center; vertical-align: top; width: 150px;\"><p>{{ line_item.quantity }}</p></td>\n                <td style=\"text-align: center; vertical-align: top; width: 150px;\"><p>${{ line_item.extended_price | round: 2 }}</p></td>\n            </tr>\n            {% endfor %}\n        </table>\n        <div style=\"background-color: #F9F9F9; font-size: 14px; margin: 2px; padding: 10px; text-align: end;\">\n            <div style=\"margin-right: 100px\">\n                <div style=\"width: 300px;  display: inline-block;\"></div>\n                <div style=\"width: 100px;  display: inline-block;margin-right: 100px; text-align: left;\">Shipping:</div>\n                <div style=\"width: 100px;  display: inline-block; float:right; text-align: left;\">${{ customer_order.shipping_total | round: 2 }}</div>\n            </div>\n            <div style=\"margin-right: 100px\">\n                <div style=\"width: 300px;  display: inline-block;\"></div>\n                <div style=\"width: 100px;  display: inline-block; margin-right: 100px;text-align: left; \">Total Fees:</div>\n                <div style=\"width: 100px;  display: inline-block; float:right; text-align: left;\">${{ customer_order.fee_total | round: 2 }}</div>\n            </div>\n            <br />\n            <div style=\"margin-right: 100px\">\n                <div style=\"width: 300px;  display: inline-block;\"></div>\n                <div style=\"width: 100px;  display: inline-block; margin-right: 100px; text-align: left;\">Order Subtotal:</div>\n                <div style=\"width: 100px;  display: inline-block; float:right; text-align: left;\">${{ customer_order.sub_total | round: 2 }}</div>\n            </div>\n            <div style=\"margin-right: 100px\">\n                <div style=\"width: 300px;  display: inline-block;\"></div>\n                <div style=\"width: 100px;  display: inline-block;margin-right: 100px; text-align: left;\">GST:</div>\n                <div style=\"width: 100px;  display: inline-block; float:right; text-align: left;\">${{ customer_order.tax_total | round: 2 }}</div>\n            </div>\n            <br />\n            <div style=\"margin-right: 100px\">\n                <div style=\"width: 300px;  display: inline-block;\"></div>\n                <div style=\"font-size: 14px; width: 100px;  display: inline-block;margin-right: 100px; text-align: left;\"><strong>Total:</strong></div>\n                <div style=\"font-size: 14px; width: 100px;  display: inline-block; float:right; text-align: left;\"><strong>${{ customer_order.total | round: 2 }}</strong></div>\n            </div>\n            <div style=\"margin-right: 100px\">\n                <div style=\"width: 300px;  display: inline-block;\"></div>\n                <div style=\"width: 100px;  display: inline-block;margin-right: 100px; text-align: left;\">Currency:</div>\n                <div style=\"width: 100px;  display: inline-block; float: right; text-align: left;\">{{ customer_order.currency }}</div>\n            </div>\n        </div>\n    </div>\n</body>\n</html>","isReadonly":false,"createdDate":"2019-09-24T00:00:00Z","modifiedDate":"2019-09-24T13:49:45.691753Z","createdBy":"admin","modifiedBy":"admin","id":"4f990025-7d12-4a20-9e90-f1f00df01083"}],"createdDate":"2019-09-17T15:01:27.6948716Z","modifiedDate":"2019-09-24T13:33:02.2454962Z","createdBy":"unknown","modifiedBy":"admin","id":"f3203498-e940-4a77-9a9f-67980186dcaf"},{"kind":"EmailNotification","attachments":[],"tenantIdentity":{"isEmpty":true,"isValid":false},"isActive":true,"type":"NewOrderStatusEmailNotification","templates":[{"kind":"EmailNotification","subject":"The status of your order has been changed","body":"The status of your order <strong>{{ customer_order.number }}</strong> has been changed from <strong>{{ old_status }}</strong> to <strong>{{ new_status }}</strong>.","isReadonly":false,"createdDate":"2019-09-24T00:00:00Z","modifiedDate":"2019-09-24T00:00:00Z","createdBy":"admin","modifiedBy":"admin","id":"76c78d12-de6b-49b9-9abc-94a95b963d4a"}],"createdDate":"2019-09-17T15:01:27.6948809Z","modifiedDate":"2019-09-24T14:27:13.0978938Z","createdBy":"unknown","modifiedBy":"admin","id":"0e903d9b-aac8-459e-88af-c69575036bb2"},{"kind":"EmailNotification","attachments":[],"tenantIdentity":{"isEmpty":true,"isValid":false},"isActive":true,"type":"NewSubscriptionEmailNotification","templates":[{"kind":"EmailNotification","subject":"You are successfully subscribed to new subscription <strong> {{ subscription.number }} </strong>","body":"Subscription {{subscription.number}} with amount {{subscription.customer_order_prototype.total |  round: 2}}{{subscription.customer_order_prototype.currency}} successfully created.","isReadonly":false,"createdDate":"2019-09-24T00:00:00Z","modifiedDate":"2019-09-24T00:00:00Z","createdBy":"admin","modifiedBy":"admin","id":"4624530a-f607-465c-a2d2-701fa6220ba9"}],"createdDate":"2019-09-17T15:01:27.6948894Z","modifiedDate":"2019-09-24T14:28:37.4448222Z","createdBy":"unknown","modifiedBy":"admin","id":"889c1354-91ce-44fc-aa3c-31902f7ce74a"},{"kind":"EmailNotification","attachments":[],"tenantIdentity":{"isEmpty":true,"isValid":false},"isActive":true,"type":"OrderCreateEmailNotification","templates":[{"kind":"EmailNotification","subject":"You placed an order","body":"Thank you for placing an order.<br />\nOrder number: <strong>{{ customer_order.number }}</strong>","isReadonly":false,"createdDate":"2019-09-24T00:00:00Z","modifiedDate":"2019-09-24T00:00:00Z","createdBy":"admin","modifiedBy":"admin","id":"0d8f4d0d-77f3-429e-ae62-7b8f57273aea"}],"createdDate":"2019-09-17T15:01:27.6948985Z","modifiedDate":"2019-09-24T14:25:20.5489268Z","createdBy":"unknown","modifiedBy":"admin","id":"7341c680-8624-45c3-8b08-f3a3717c0c95"},{"kind":"EmailNotification","attachments":[],"tenantIdentity":{"isEmpty":true,"isValid":false},"isActive":true,"type":"OrderPaidEmailNotification","templates":[{"kind":"EmailNotification","subject":"Your order has been fully paid.","body":"Thank you for paying for your order <strong>{{ customer_order.number }}</strong>.<br />\nYou paid <strong>{{ customer_order.total |  round: 2}} {{ customer_order.currency }}</strong>.<br />\nPaid date: <strong>{{ customer_order.modified_date }}</strong>.","isReadonly":false,"createdDate":"2019-09-24T00:00:00Z","modifiedDate":"2019-09-24T00:00:00Z","createdBy":"admin","modifiedBy":"admin","id":"fb269a5e-9755-4d46-96a7-d573a09b1d76"}],"createdDate":"2019-09-17T15:01:27.6949081Z","modifiedDate":"2019-09-24T14:25:43.6800548Z","createdBy":"unknown","modifiedBy":"admin","id":"65bb2a6c-4ad8-42e3-842b-6e4bb4fa2909"},{"kind":"EmailNotification","attachments":[],"tenantIdentity":{"isEmpty":true,"isValid":false},"isActive":true,"type":"OrderSentEmailNotification","templates":[{"kind":"EmailNotification","subject":"Your order has been sent","body":"Your order <strong>{{ customer_order.number}}</strong> has been sent.<br />\nNumber of sent parcels: <strong>{{ customer_order.shipments | size}}</strong>.<br />\nParcels tracking numbers:<br />\n{% for shipment in customer_order.shipments %}<br />\n<strong>{{ shipment.number}}</strong>{% endfor %}<br /><br />\nSent date: <strong>{{ customer_order.modified_date }}</strong>.","isReadonly":false,"createdDate":"2019-09-24T00:00:00Z","modifiedDate":"2019-09-24T00:00:00Z","createdBy":"admin","modifiedBy":"admin","id":"73e0a430-3fb3-49df-b9c2-e26530623145"}],"createdDate":"2019-09-17T15:01:27.6949166Z","modifiedDate":"2019-09-24T14:26:14.1350211Z","createdBy":"unknown","modifiedBy":"admin","id":"d75c0d14-4d44-40dc-b38f-fcb9ef16505e"},{"kind":"EmailNotification","attachments":[],"tenantIdentity":{"isEmpty":true,"isValid":false},"isActive":true,"type":"RegistrationEmailNotification","templates":[{"kind":"EmailNotification","subject":"Your login - {{ login }}.","body":"Thank you for registration {{ firstname }} {{ lastname }}!!!","isReadonly":false,"createdDate":"2019-09-24T00:00:00Z","modifiedDate":"2019-09-24T00:00:00Z","createdBy":"admin","modifiedBy":"admin","id":"df375ed7-7946-4cea-90fe-0ceff9187cf9"}],"createdDate":"2019-09-17T15:01:27.694926Z","modifiedDate":"2019-09-24T14:00:30.6121694Z","createdBy":"unknown","modifiedBy":"admin","id":"c5b04990-f1f3-401e-9585-ca59ea9ed459"},{"type":"RegistrationInvitationEmailNotification","kind":"EmailNotification","attachments":[],"tenantIdentity":{"isEmpty":true,"isValid":false},"isActive":true,"templates":[{"kind":"EmailNotification","subject":"Registration by invite","body":"Please  to register by invite clicking <a href=\"{{ invite_url }}\">here</a>","isReadonly":false,"createdDate":"2019-09-24T00:00:00Z","modifiedDate":"2019-09-24T00:00:00Z","createdBy":"admin","modifiedBy":"admin","id":"ec2512e8-964d-4096-8493-2a600ec457fe"}],"createdDate":"2019-09-17T15:01:27.6949345Z","modifiedDate":"2019-09-24T14:24:51.681996Z","createdBy":"unknown","modifiedBy":"admin","id":"815f9f5b-f485-4b1d-8950-e761f3348295"},{"type":"RemindUserNameEmailNotification","kind":"EmailNotification","attachments":[],"tenantIdentity":{"isEmpty":true,"isValid":false},"isActive":true,"templates":[{"kind":"EmailNotification","subject":"Remind user name","body":"Your user name - {{ user_name }}.","isReadonly":false,"createdDate":"2019-09-24T00:00:00Z","modifiedDate":"2019-09-24T00:00:00Z","createdBy":"admin","modifiedBy":"admin","id":"a8c0f875-84c2-4ce6-ada4-2460be144fba"}],"createdDate":"2019-09-17T15:01:27.6949439Z","modifiedDate":"2019-09-24T14:26:38.8140328Z","createdBy":"unknown","modifiedBy":"admin","id":"15164a9e-0fce-4c7c-980b-cb0e6f275b92"},{"kind":"EmailNotification","attachments":[],"tenantIdentity":{"isEmpty":true,"isValid":false},"isActive":true,"type":"ResetPasswordEmailNotification","templates":[{"kind":"EmailNotification","subject":"Reset password link","body":"Please reset your password by clicking <strong><a href=\"{{ url }}\">here</a></strong>","isReadonly":false,"createdDate":"2019-09-24T00:00:00Z","modifiedDate":"2019-09-24T00:00:00Z","createdBy":"admin","modifiedBy":"admin","id":"05d6563f-c861-4b9f-8607-cee471f02826"}],"createdDate":"2019-09-17T15:01:27.6949523Z","modifiedDate":"2019-09-24T14:01:23.6832974Z","createdBy":"unknown","modifiedBy":"admin","id":"9c0b4f7e-c138-469b-aa80-bcf8cf11e188"},{"kind":"SmsNotification","tenantIdentity":{"isEmpty":true,"isValid":false},"isActive":true,"type":"ResetPasswordSmsNotification","templates":[{"kind":"SmsNotification","message":"Your security code is {{ token }}","isReadonly":false,"createdDate":"2019-09-24T00:00:00Z","modifiedDate":"2019-09-24T00:00:00Z","createdBy":"admin","modifiedBy":"admin","id":"9ab7320a-64fe-4478-a7e9-0175fdbfadc3"}],"createdDate":"2019-09-17T15:01:27.6949611Z","modifiedDate":"2019-09-24T14:22:05.8709906Z","createdBy":"unknown","modifiedBy":"admin","id":"d170d129-78e4-4b8b-a7d3-7a9b4f4ab7f6"},{"kind":"EmailNotification","attachments":[],"tenantIdentity":{"isEmpty":true,"isValid":false},"isActive":false,"type":"StoreDynamicEmailNotification","templates":[],"createdDate":"2019-09-17T15:01:27.6949714Z","modifiedDate":"2019-09-17T15:01:27.6949714Z","createdBy":"unknown","modifiedBy":"unknown","id":"f9640944-f837-4022-9bb3-2d52bc70a742"},{"kind":"EmailNotification","attachments":[],"tenantIdentity":{"isEmpty":true,"isValid":false},"isActive":true,"type":"SubscriptionCanceledEmailNotification","templates":[{"kind":"EmailNotification","subject":"Subscription {{subscription.number}} was canceled.","body":"Your subscription <strong>{{ subscription.number }}</strong> has been canceled.<br />\nCancellation reason: <strong>{{ subscription.cancel_reason }}</strong>.","isReadonly":false,"createdDate":"2019-09-24T00:00:00Z","modifiedDate":"2019-09-24T00:00:00Z","createdBy":"admin","modifiedBy":"admin","id":"5a382e10-d7e7-4224-a2f0-f8ef3ebd709a"}],"createdDate":"2019-09-17T15:01:27.6949798Z","modifiedDate":"2019-09-24T14:29:10.7469127Z","createdBy":"unknown","modifiedBy":"admin","id":"2ce6fdf0-68e1-4273-b927-a84776326833"},{"kind":"EmailNotification","attachments":[],"tenantIdentity":{"isEmpty":true,"isValid":false},"isActive":true,"type":"TwoFactorEmailNotification","templates":[{"kind":"EmailNotification","subject":"Security Code","body":"Your security code is {{ token }}","isReadonly":false,"createdDate":"2019-09-24T00:00:00Z","modifiedDate":"2019-09-24T00:00:00Z","createdBy":"admin","modifiedBy":"admin","id":"5dd6aa2a-868c-40a1-8bf8-60e653a8bc3a"}],"createdDate":"2019-09-17T15:01:27.694988Z","modifiedDate":"2019-09-24T14:01:45.3628936Z","createdBy":"unknown","modifiedBy":"admin","id":"a8d98061-0b6b-4f81-b400-681f116c2cc3"},{"kind":"SmsNotification","tenantIdentity":{"isEmpty":true,"isValid":false},"isActive":true,"type":"TwoFactorSmsNotification","templates":[{"kind":"SmsNotification","message":"Your security code is {{ token }}","isReadonly":false,"createdDate":"2019-09-24T00:00:00Z","modifiedDate":"2019-09-24T14:19:52.7648409Z","createdBy":"admin","modifiedBy":"admin","id":"441fce14-b5dd-413e-9666-aad58c0aed67"}],"createdDate":"2019-09-17T15:01:27.6949968Z","modifiedDate":"2019-09-24T14:10:30.7086792Z","createdBy":"unknown","modifiedBy":"admin","id":"b2d26086-0041-414d-b97f-e94e775a9c05"}]}