{
  "ShippingMethods": [
    {
      "code": "FixedRate",
      "logoUrl": "https://raw.githubusercontent.com/VirtoCommerce/vc-module-core/master/VirtoCommerce.CoreModule.Web/Content/logoVC.png",
      "isActive": true,
      "priority": 1,
      "storeId": "Clothing",
      "settings": [
        {
          "itHasValues": false,
          "restartRequired": false,
          "moduleId": "VirtoCommerce.Shipping",
          "groupName": "Shipping|General",
          "name": "VirtoCommerce.Shipping.FixedRateShippingMethod.Ground.Rate",
          "valueType": "Decimal",
          "defaultValue": 0.00,
          "isDictionary": false
        },
        {
          "itHasValues": false,
          "restartRequired": false,
          "moduleId": "VirtoCommerce.Shipping",
          "groupName": "Shipping|General",
          "name": "VirtoCommerce.Shipping.FixedRateShippingMethod.Air.Rate",
          "valueType": "Decimal",
          "defaultValue": 0.00,
          "isDictionary": false
        }
      ],
      "typeName": "FixedRateShippingMethod",
      "id": "fb149eb33d28434e8ccbb4866595dc30"
    },
    {
      "code": "FixedRate",
      "logoUrl": "https://raw.githubusercontent.com/VirtoCommerce/vc-module-core/master/VirtoCommerce.CoreModule.Web/Content/logoVC.png",
      "isActive": true,
      "priority": 1,
      "storeId": "Electronics",
      "settings": [
        {
          "itHasValues": false,
          "restartRequired": false,
          "moduleId": "VirtoCommerce.Shipping",
          "groupName": "Shipping|General",
          "name": "VirtoCommerce.Shipping.FixedRateShippingMethod.Ground.Rate",
          "valueType": "Decimal",
          "defaultValue": 0.00,
          "isDictionary": false
        },
        {
          "itHasValues": false,
          "restartRequired": false,
          "moduleId": "VirtoCommerce.Shipping",
          "groupName": "Shipping|General",
          "name": "VirtoCommerce.Shipping.FixedRateShippingMethod.Air.Rate",
          "valueType": "Decimal",
          "defaultValue": 0.00,
          "isDictionary": false
        }
      ],
      "typeName": "FixedRateShippingMethod",
      "id": "fa8a1d7fa0ed4aec9358ef82596bb717"
    },
    {
      "code": "FixedRate",
      "logoUrl": "https://raw.githubusercontent.com/VirtoCommerce/vc-module-core/master/VirtoCommerce.CoreModule.Web/Content/logoVC.png",
      "isActive": true,
      "priority": 0,
      "storeId": "B2B-store",
      "settings": [
        {
          "itHasValues": false,
          "restartRequired": false,
          "moduleId": "VirtoCommerce.Shipping",
          "groupName": "Shipping|General",
          "name": "VirtoCommerce.Shipping.FixedRateShippingMethod.Ground.Rate",
          "valueType": "Decimal",
          "defaultValue": 0.00,
          "isDictionary": false
        },
        {
          "itHasValues": false,
          "restartRequired": false,
          "moduleId": "VirtoCommerce.Shipping",
          "groupName": "Shipping|General",
          "name": "VirtoCommerce.Shipping.FixedRateShippingMethod.Air.Rate",
          "valueType": "Decimal",
          "defaultValue": 0.00,
          "isDictionary": false
        }
      ],
      "typeName": "FixedRateShippingMethod",
      "id": "c79820cc7b8545d1a241d74ecd705dff"
    }
  ]
}